[
    {
      "id": 1,
      "name": "Projector",
      "price": "20.00",
      "description": "A great projector for all your needs.",
      "image_url": "https://cdn.mos.cms.futurecdn.net/Hb4raDbPaBqWa3ex3KgudU.jpg",
      "category": "equipment"
    },
    {
      "id": 2,
      "name": "Camping Tent",
      "price": "15.00",
      "description": "Perfect for outdoor adventures.",
      "image_url": "https://product-cdn-frz.alltricks.com/hd/717/198717/2198717/4270592",
      "category": "camping"
    },
    {
      "id": 3,
      "name": "Castle",
      "price": "10.00",
      "description": "A magical castle for events or play.",
      "image_url": "https://encrypted-tbn0.gstatic.com/images?q=tbn:ANd9GcRRP8_i9Vna6zuWqT4ARVjjHNCS7N2auw1-8A&s",
      "category": "event"
    },
    {
      "id": 4,
      "name": "Sound System",
      "price": "25.00",
      "description": "High-quality sound for your events.",
      "image_url": "https://images.51microshop.com/7863/product/20230919/pro_210_double_10_inch_line_array_sound_system__1695091292899_0.jpg",
      "category": "equipment"
    },
    {
      "id": 5,
      "name": "Clown",
      "price": "30.00",
      "description": "A fun clown for parties or events.",
      "image_url": "https://media.istockphoto.com/id/533837393/pt/foto/palha%C3%A7o.jpg?s=170667a&w=is&k=20&c=znRbggWZEjrlo4eclMTh_Ag9kx_PziGQgD2rn-knEGs=",
      "category": "entertainment"
    },
    {
      "id": 6,
      "name": "Mercedes-Benz Classe E",
      "price": "50.00",
      "description": "Amazing car for luxury transport.",
      "image_url": "https://ultimateblackcar.com/wp-content/uploads/2018/08/cc_2022MBCCK0003_01_640_197.jpg",
      "category": "car"
    },
    {
      "id": 7,
      "name": "Ferrari 296",
      "price": "100.00",
      "description": "It's a Ferrari! Experience speed and style.",
      "image_url": "https://ferrari-cdn.thron.com/delivery/public/image/ferrari/7c9ff38f-4f59-4061-9eaf-f07567430eaf/3zayf6/std/0x640/DWS_ferrari_296_GTB-gallery-1?quality=auto-high&format=auto",
      "category": "car"
    },
    {
      "id": 8,
      "name": "Lamborghini Urus",
      "price": "80.00",
      "description": "Luxury SUV with a sporty edge.",
      "image_url": "https://www.razaoautomovel.com/wp-content/uploads/2024/04/Lamborghini-Urus-PHEV-2025-4_925x520_acf_cropped.jpg",
      "category": "car"
    },
    {
      "id": 9,
      "name": "Honda Civic",
      "price": "30.00",
      "description": "Reliable car for daily use.",
      "image_url": "https://honda-automoveis.pt/blog/wp-content/uploads/2020/06/decima-geracao-honda-civic-1.jpg",
      "category": "car"
    },
    {
      "id": 10,
      "name": "Peugeot 206",
      "price": "20.00",
      "description": "Compact and economical car.",
      "image_url": "https://upload.wikimedia.org/wikipedia/commons/thumb/2/21/2002_Peugeot_206_LX_1.4_Front.jpg/1200px-2002_Peugeot_206_LX_1.4_Front.jpg",
      "category": "car"
    },
    {
      "id": 11,
      "name": "Audi A4",
      "price": "40.00",
      "description": "Stylish and comfortable sedan.",
      "image_url": "https://upload.wikimedia.org/wikipedia/commons/thumb/3/35/Audi_A4_B9_sedans_%28FL%29_1X7A2441.jpg/800px-Audi_A4_B9_sedans_%28FL%29_1X7A2441.jpg",
      "category": "car"
    }
  ]
  